DJ,Count,Soundcloud_Link,Soundcloud_User_ID
RON LIKE HELL,60,https://soundcloud.com/users/565300,565300
RYAN SMITH,58,https://soundcloud.com/users/426260,426260
LYDO,37,https://soundcloud.com/users/6737198,6737198
WORD OF COMMAND,35,https://soundcloud.com/users/2828366,2828366
DJ CLONE,31,https://soundcloud.com/users/4899464,4899464
MIKE SERVITO,31,https://soundcloud.com/users/170303,170303
AUSPEX,29,https://soundcloud.com/users/143256681,143256681
KATIE REX,29,https://soundcloud.com/users/3068582,3068582
JASON KENDIG,27,https://soundcloud.com/users/182791,182791
VOLVOX,25,https://soundcloud.com/users/5506,5506
JUSTIN CUDMORE,23,https://soundcloud.com/users/42920,42920
THE CARRY NATION,22,https://soundcloud.com/users/7140237,7140237
ELLE DEE,21,https://soundcloud.com/users/12991589,12991589
KILOPATRAH JONES,21,https://soundcloud.com/users/166834786,166834786
IAN CRANE,19,https://soundcloud.com/users/260876118,260876118
ANALOG SOUL,18,https://soundcloud.com/users/847422,847422
KYRUH,16,https://soundcloud.com/users/723703534,723703534
NE/RE/A,15,https://soundcloud.com/users/50441443,50441443
FUNCTION,15,,
MANU MIRAN,15,https://soundcloud.com/users/26680463,26680463
NEWA,14,https://soundcloud.com/users/3157863,3157863
ROSE KOURTS,14,https://soundcloud.com/users/71418829,71418829
ANNIE LEW,14,https://soundcloud.com/users/183193965,183193965
X3BUTTERFLY,14,https://soundcloud.com/users/208960988,208960988
HARUKA,14,https://soundcloud.com/users/244907533,244907533
MEILGAARDEN,14,https://soundcloud.com/users/51551816,51551816
JEK,14,https://soundcloud.com/users/384291542,384291542
SHAUN J. WRIGHT,13,https://soundcloud.com/users/17807782,17807782
TT,13,https://soundcloud.com/users/69634669,69634669
DEE DIGGS,13,https://soundcloud.com/users/28228769,28228769
MATAS,13,https://soundcloud.com/users/29119267,29119267
JULIANA HUXTABLE,12,https://soundcloud.com/users/2936767,2936767
AKUA,12,https://soundcloud.com/users/19356723,19356723
CLARISA KIMSKII,12,https://soundcloud.com/users/564231,564231
STERLING JUAN DIAZ,12,https://soundcloud.com/users/7156719,7156719
JUANA,12,https://soundcloud.com/users/3876748,3876748
JADALAREIGN,12,https://soundcloud.com/users/50994533,50994533
HOLDEN FEDERICO,11,https://soundcloud.com/users/890800354,890800354
COTTON,11,https://soundcloud.com/users/71569686,71569686
NDRX,11,https://soundcloud.com/users/1640271,1640271
MAKADSI,11,https://soundcloud.com/users/686736254,686736254
UMFANG,11,https://soundcloud.com/users/8011476,8011476
MASSIMILIANO PAGLIARA,11,https://soundcloud.com/users/580306,580306
CONCRETE HUSBAND,10,https://soundcloud.com/users/208499016,208499016
DAIYAH,10,https://soundcloud.com/users/28577656,28577656
SISTER ZO,10,https://soundcloud.com/users/118078977,118078977
RACHEL NOON,10,https://soundcloud.com/users/304028042,304028042
DEVOYE,10,https://soundcloud.com/users/7220962,7220962
LAUREN FLAX,10,https://soundcloud.com/users/14295,14295
ANCIENT METHODS,10,https://soundcloud.com/users/10889,10889
SCHACKE,10,https://soundcloud.com/users/2079408,2079408
ANA B,10,https://soundcloud.com/users/51370925,51370925
LYCHEE,10,https://soundcloud.com/users/3165462,3165462
SEKUCCI,10,https://soundcloud.com/users/37050553,37050553
MOS,9,https://soundcloud.com/users/248529346,248529346
PEACHLYFE,9,https://soundcloud.com/users/262112,262112
FREDDY K,9,https://soundcloud.com/users/108109689,108109689
KIM ANN FOXMAN,9,https://soundcloud.com/users/807084,807084
MCMLXXXV,9,https://soundcloud.com/users/18842556,18842556
CEM,9,https://soundcloud.com/users/2241980,2241980
YOUNG MALE,9,https://soundcloud.com/users/7030417,7030417
NATUTA,9,https://soundcloud.com/users/8818322,8818322
KIM ANH,9,https://soundcloud.com/users/617465,617465
COSMO,9,https://soundcloud.com/users/94214724,94214724
DJ STINGRAY 313,8,https://soundcloud.com/users/400533825,400533825
D.DAN,8,https://soundcloud.com/users/148052084,148052084
ÆON,8,,
RYKER,8,https://soundcloud.com/users/17371886,17371886
DJ MISS PARKER,8,https://soundcloud.com/users/20074361,20074361
KEVIN AVIANCE,8,https://soundcloud.com/users/276341427,276341427
SALOME,7,https://soundcloud.com/users/190127754,190127754
PHASE FATALE,7,https://soundcloud.com/users/78891253,78891253
REGAL,7,https://soundcloud.com/users/15028706,15028706
WTCHCRFT,7,https://soundcloud.com/users/19366939,19366939
MUTUALISM,7,https://soundcloud.com/users/10430082,10430082
DJ MINX,7,https://soundcloud.com/users/551114,551114
GABRIELLE KWARTENG,7,https://soundcloud.com/users/30762242,30762242
KETIA,7,https://soundcloud.com/users/219834943,219834943
ELI ESCOBAR,7,https://soundcloud.com/users/961363,961363
ROI PEREZ,7,https://soundcloud.com/users/3012173,3012173
KANCHELI,6,https://soundcloud.com/users/403306,403306
QUELZA,6,https://soundcloud.com/users/11952438,11952438
SHDW,6,https://soundcloud.com/users/82311780,82311780
MATRIXXMAN,6,https://soundcloud.com/users/45343,45343
PERC,6,https://soundcloud.com/users/33658,33658
KANGDING RAY,6,https://soundcloud.com/users/2162531,2162531
BEATRICE,6,,
ETAPP KYLE,6,https://soundcloud.com/users/990218,990218
ANTENES,6,https://soundcloud.com/users/21268721,21268721
FIEDEL,6,https://soundcloud.com/users/45739180,45739180
ISABELLA,6,https://soundcloud.com/users/12329237,12329237
RELAXER,6,https://soundcloud.com/users/186363547,186363547
SPRKLBB,6,https://soundcloud.com/users/11909976,11909976
PHYSICAL THERAPY,6,https://soundcloud.com/users/1129348,1129348
DAVID ELIMELECH,6,https://soundcloud.com/users/43541614,43541614
JACOB MEEHAN,6,https://soundcloud.com/users/6980247,6980247
BORIS,5,https://soundcloud.com/users/619,619
DARIA KOLOSOVA,5,https://soundcloud.com/users/137967855,137967855
MARKUS,5,https://soundcloud.com/users/201765600,201765600
ROBERT HOOD,5,https://soundcloud.com/users/67245964,67245964
SCHWEFELGELB,5,https://soundcloud.com/users/23554651,23554651
DR. RUBINSTEIN,5,https://soundcloud.com/users/388329,388329
MAMA SNAKE,5,https://soundcloud.com/users/3682031,3682031
AMANDA MUSSI,5,https://soundcloud.com/users/946196,946196
OSCAR MULERO,5,https://soundcloud.com/users/2009580,2009580
DVS1,5,https://soundcloud.com/users/214588,214588
BAUGRUPPE90,5,https://soundcloud.com/users/881164123,881164123
STEF MENDESIDIS,5,https://soundcloud.com/users/11155933,11155933
DANIEL AVERY,5,https://soundcloud.com/users/82706,82706
ADRIANA LOPEZ,5,https://soundcloud.com/users/3079170,3079170
TRUNCATE,5,https://soundcloud.com/users/1417233,1417233
CHLOE LULA,5,https://soundcloud.com/users/34349396,34349396
PABLO BOZZI,5,https://soundcloud.com/users/30448785,30448785
MORENXXX,5,https://soundcloud.com/users/180677044,180677044
PHILIPPA PACHO,5,https://soundcloud.com/users/2216705,2216705
SANDRIEN,5,https://soundcloud.com/users/7269,7269
LUKE SLATER,5,https://soundcloud.com/users/1408723,1408723
ANTHONY PARASOLE,5,https://soundcloud.com/users/314457719,314457719
HÉCTOR OAKS,5,,
ARIEL ZETINA,5,https://soundcloud.com/users/26354092,26354092
REBEKAH,5,https://soundcloud.com/users/50657,50657
LISAS,5,https://soundcloud.com/users/458067174,458067174
VERONICA VASICKA,5,https://soundcloud.com/users/1763818,1763818
TIN MAN,5,https://soundcloud.com/users/52868,52868
SUCCUBASS,5,,
MADISON MOORE,5,https://soundcloud.com/users/32012034,32012034
XIORRO,5,https://soundcloud.com/users/270398833,270398833
AURORA HALAL,5,https://soundcloud.com/users/20731972,20731972
ADRESTIA,5,https://soundcloud.com/users/391877406,391877406
FATHERHOOD,5,https://soundcloud.com/users/20449994,20449994
CHOQUE,5,https://soundcloud.com/users/47193817,47193817
JEFFREY SFIRE,5,https://soundcloud.com/users/428501,428501
X-COAST,5,https://soundcloud.com/users/27128818,27128818
CHRIS CRUSE,5,https://soundcloud.com/users/38528,38528
DJ TOOL,4,https://soundcloud.com/users/386270990,386270990
BAPARI,4,https://soundcloud.com/users/171552368,171552368
DAY THIEF,4,https://soundcloud.com/users/340039057,340039057
ANNĒ,4,,
LOLSNAKE,4,,
DJ BONE,4,,
FRANÇOIS X,4,,
YONTI,4,,
FADI MOHEM,4,,
JOSH STEERS,4,https://soundcloud.com/users/12193609,12193609
MAX WATTS,4,,
ISABELLA KOEN,4,,
OZA,4,,
MARCEL FENGLER,4,,
UFO95,4,,
RØDHÅD,4,,
FLAVIA LAUS,4,,
SEVYN 0000,4,,
WATA IGARASHI,4,,
RANDOMER,4,,
TAPEFEED,4,,
FJAAK,4,,
ANDI,4,,
ARVIN T,4,,
ANSWER CODE REQUEST,4,,
COMO SE DJ,4,,
TOMMY FOUR SEVEN,4,,
SOMEWHEN,4,,
L.SANGRE,4,,
RON MORELLI,4,,
SILENT SERVANT,4,,
JANUARY HUNT,4,,
JOSELO,4,,
FADEFACE,4,,
HEIDI SABERTOOTH,4,,
SEDEF ADASI,4,https://soundcloud.com/users/18451453,18451453
DEEP CREEP,4,https://soundcloud.com/users/51388949,51388949
FKA.M4A,4,,
JORKES,4,,
JEN CARDINI,4,,
LOVE LETTERS,4,,
HONEY BUN,4,,
TAMA SUMO,4,,
LAKUTI,4,,
MASHA MAR,4,,
KIA,4,,
MOMA READY,4,,
RAQX,4,,
98DOTS,3,https://soundcloud.com/users/143166779,143166779
RROSE,3,https://soundcloud.com/users/302230607,302230607
JOEY BELTRAM,3,,
ALARICO,3,,
AMORAL,3,,
RUIZ OSC1,3,,
KXAH,3,,
LADY STARLIGHT,3,,
MADWOMAN,3,,
VERRACO,3,,
KAISER,3,,
CSILLA,3,,
CORA,3,,
DAX J,3,,
VILE,3,,
1MORNING,3,,
TAKAAKI ITOH,3,,
ELLI ACULA,3,,
TALISMANN,3,,
STERAC,3,,
X CLUB.,3,,
PAUL FLEETWOOD,3,,
ANETHA,3,,
ALEX.COSMOS,3,,
NØRBAK,3,,
BAS MOOY,3,,
TERENCE FIXMER,3,,
MARY YUZOVSKAYA,3,,
SAUSHA,3,,
NONCOMPLIANT,3,,
SPLOOFI,3,,
SUGAR,3,,
HENNING BAER,3,,
HIROKO YAMAMURA,3,,
SLAM,3,,
NUR JABER,3,,
BRYAN KASENIC,3,,
HEADLESS HORSEMAN,3,,
SHDW & OBSCURE SHAPE,3,,
PHILIPP STROBEL,3,,
T.WAN,3,,
EZY,3,,
999999999,3,,
PANGAEA,3,,
REGIS,3,,
BÉZIER,3,,
DAMON BRADLEY,3,,
ABBY ECHIVERRI,3,,
GALCHER LUSTWERK,3,,
E-LITE,3,https://soundcloud.com/users/773194762,773194762
LYRIC HOOD,3,,
JAMES AXON,3,,
MISS TWINK USA,3,,
TOMMY HART,3,,
ADOBEPRINCESS,3,,
MARIE MONTEXIER,3,,
BOUFFANT BOUFFANT,3,,
BYRON YEATES,3,,
GERD JANSON,3,,
PERFECT LOVERS,3,,
FLIRTY800,3,,
MEZ MONTY,3,,
CINTHIE,3,,
NITA AVIANCE,3,,
ANTOJITO,3,,
CARLOS SOUFFRONT,3,,
GIDEÖN,3,,
ULTRATHEM,3,,
DJ HOLOGRAPHIC,3,,
MCR-T,3,,
MICHAEL MAGNAN,3,,
JUAN ATKINS,2,https://soundcloud.com/users/1134840,1134840
DUSTIN ZAHN,2,https://soundcloud.com/users/5787,5787
QUEST?ONMARQ,2,https://soundcloud.com/users/10605715,10605715
MARCEL DETTMANN,2,https://soundcloud.com/users/251374,251374
NENE H,2,https://soundcloud.com/users/9689176,9689176
TWEEMAN,2,,
MARCO NEVES,2,,
YANT,2,,
AÖCRAM,2,,
MOHAJER,2,,
GRACE DAHL,2,,
LACCHESI,2,,
LOBSTER,2,,
CREAMS,2,,
RENE WISE,2,,
THE ADVENT,2,,
SPFDJ,2,,
SAINT VELEZ,2,,
Ø [PHASE],2,,
STEPHANIE SYKES,2,,
JAY YORK,2,,
SABROUT,2,,
MAC DECLOS,2,,
SURGEON,2,,
MARRØN,2,,
NEBBIERI,2,,
MEMPHY,2,,
HADONE,2,,
FURTIVE,2,,
CHLÄR,2,,
AMELIA HOLT,2,,
BOSTON 168,2,,
KI/KI,2,,
JAMAICA SUK,2,,
LEEON,2,,
ERIC UMBLE,2,,
MIKE DEARBORN,2,,
AMX,2,,
PURE IMMANENCE,2,,
BEN KLOCK,2,,
AMOTIK,2,,
FASHION,2,,
DRUMCELL,2,,
PARTOK,2,https://soundcloud.com/users/1104,1104
SHYBOI,2,,
NICOLÒ BERNARDI,2,,
ORPHX,2,,
MUERTE LENTA,2,,
CONNOR WRONG,2,,
EGOTOT,2,,
EFDEMIN,2,,
ERIKA,2,,
JAMES RUSKIN,2,,
TOMÁS URQUIETA,2,,
MADNESS OF,2,,
DASHA RUSH,2,,
ADAB,2,,
SPEEDY SPICE,2,,
DJ STARRK,2,,
MOTIV-A,2,,
BLUE HOUR,2,,
DEEPAK SHARMA,2,,
AADJA,2,,
VICKI POWELL,2,,
IRAKLI,2,,
ABAJOUR,2,https://soundcloud.com/users/9001485,9001485
SNTS,2,,
TYGAPAW,2,,
SARA LANDRY,2,,
SHLØMO,2,,
VINCENT NEUMANN,2,,
FALSE WITNESS,2,,
ADAM X,2,,
BECKA DIAMOND,2,,
LSDXOXO,2,,
GIA,2,,
JOEY QUINONES,2,,
VRIL,2,,
RYAN ELLIOTT,2,,
STEVE BICKNELL,2,,
CALI ROSE,2,,
DJ SKULL,2,,
PEARSON SOUND,2,,
VATICAN SHADOW,2,,
JOHN BARERA,2,,
CLAY WILSON,2,,
RRAO,2,,
BRENECKI,2,,
ZOMBIES IN MIAMI,2,https://soundcloud.com/users/506929,506929
SANCTUARY,2,https://soundcloud.com/users/118439407,118439407
SPRFRK,2,,
KARIM OLEN ASH,2,,
DJ GIGOLA,2,,
ALÍRIO,2,,
MICHAEL CIGNARALE,2,,
SISTER SYSTEM,2,,
COLORED CRAIG,2,,
ALEXIS DE LA ROSA,2,,
CURSES,2,,
TOM PETERS,2,,
ALINKA,2,,
S4M23,2,,
MIDLAND,2,,
CALL SUPER,2,,
VICTOR RODRIGUEZ,2,,
LEONCE,2,,
WHY BE,2,,
ANTHONY NAPLES,2,,
DEBONAIR,2,,
FRED P,2,,
WILL AUTOMAGIC,2,,
KIERNAN LAVEAUX,2,,
JIMMY EDGAR,2,,
EVAN TAIL,2,,
HEIDI LAWDEN,2,,
MX. BLAIRE,2,,
KFEELZ,2,,
REGULARFANTASY,2,,
BUDINO,2,,
DONIS,2,,
INTERSTELLAR FUNK,2,,
DJ HEALTHY,2,,
DJ VOICES,2,,
PEREL,2,,
MASHA,2,,
WHODAT,2,,
DJ PIERRE,2,,
MARCELLUS PITTMAN,2,,
TORIBIO,2,,
BINH,2,,
8ULENTINA,2,,
ACEMO,2,,
PAÀL,2,,
OBSCURE SHAPE,2,,
LONG COUNT CYCLE,2,,
YAZZUS,1,https://soundcloud.com/users/63357000,63357000
HENRY CHOW,1,https://soundcloud.com/users/472163,472163
SOL ORTEGA,1,https://soundcloud.com/users/4203729,4203729
KAMELIIA,1,,
LIZA RIVS,1,,
BESTE HIRA,1,,
MUTAGENIX,1,,
JUNO,1,,
BOYS NOIZE,1,,
RÆZA,1,,
JOHN BRYARS,1,,
SEPT,1,,
THE LADY MACHINE,1,,
HUSH,1,,
SPIKEY LEE,1,,
JESUZ X,1,,
KOBOYO,1,,
POLYGONIA,1,,
THREEHZ,1,,
ECHOGENESIS,1,,
MARY LAKE,1,,
BLAWAN,1,,
DJ NOBU,1,,
DJ SALIVA,1,https://soundcloud.com/users/455336625,455336625
JUSTINE PERRY,1,,
DAY 4PM,1,,
RUINS,1,,
INFINITY DIVISION,1,,
SCIBOR,1,,
GIGI FM,1,,
JENNIFER CARDINI,1,,
LEA OCCHI,1,,
SEV DAH,1,,
SHINEDOE,1,,
SERA J,1,,
STE-VÍ,1,,
LAWRENCE LEE,1,,
LDS,1,,
KOZHA,1,,
DJ RICHARD,1,,
JASSS,1,,
SELECTIVE RESPONSE,1,,
DJ HOCKEY,1,,
SUPERGLOSS,1,,
ATSUSHI MAEDA,1,,
X TIN,1,,
JOTON,1,,
DJ HYPERDRIVE,1,,
PHIL BERG,1,,
ROMAN FLÜGEL,1,,
NASTIA REIGEL,1,,
UVB,1,,
MAREENA,1,,
FALSEBOI,1,,
VEL,1,,
BARKER,1,,
ROLA,1,,
ANNA Z.,1,,
J.MANUEL,1,,
KR!Z,1,,
PARRISH SMITH,1,,
LINDSEY HERBERT,1,,
ESTHER DUNE,1,,
BJARKI,1,,
CLOUDS,1,,
AARON CLARK,1,,
ESTELLA BOERSMA,1,,
VULKANSKI,1,,
PAULA KOSKI,1,,
FUTURE.666,1,,
LEWIS FAUTZI,1,,
LAURA BCR,1,,
LEESH,1,,
NASTIA,1,,
DEEPNEUE,1,,
SETAOC MASS,1,,
.VRIL,1,,
DINA,1,,
LENNART WIEHE,1,,
CLARK PRICE,1,,
WALLIS,1,,
SCALAMERIYA,1,,
THOMAS P. HECKMANN,1,,
LEGOWELT,1,,
LARS HUISMANN,1,,
CHONTANE,1,,
JURI HEIDEMANN,1,,
GUILT ATTENDANT,1,,
DJ HYPERACTIVE,1,,
STEYA,1,,
UUN,1,,
TERRENCE DIXON,1,,
RYAN JAMES FORD,1,,
BLOODY MARY,1,,
DENISE RABE,1,,
MIKE PARKER,1,,
VIPER DIVA,1,,
SHARLESE,1,,
DOLLHOUSE,1,,
HIM HUN,1,,
PANTERAH,1,,
CLERIC,1,,
P.E.A.R.L.,1,,
ZADIG,1,,
ALEJANDRO FRANCO,1,,
GABBERBITCH69,1,,
LIMITBREAK!,1,,
ALPHA TRACKS,1,,
ESTOC,1,,
SUNRISE HUNTER,1,,
MOMENT OF TERROR,1,,
CTRLS,1,,
REN G,1,,
VAGUE MÉCANIQUE,1,,
IREEN AMNES,1,,
KILBOURNE,1,,
AIDEN,1,,
S&M,1,,
BURNER ACCOUNT,1,,
THAM,1,,
LOKIER,1,,
ANSOME,1,,
LIVWUTANG,1,,
PARFAIT,1,,
I HATE MODELS,1,,
NIGHT DOLL,1,,
ANTPUKE,1,,
FRANKIE BONES,1,,
MAEDON,1,,
REALMZ,1,,
LOKA,1,,
FRIED PLÁTANO,1,,
HONCHO,1,,
DJ SALAZAR,1,,
BUZZI,1,,
OSTGUT TON NACHT,1,,
DERRICK MAY,1,,
LEVON VINCENT,1,,
PARALLX,1,,
ATEQ,1,,
0.001,1,,
VTSS,1,,
JASMINE INFINITI,1,,
OBJEKT,1,,
JOEL MULL,1,,
ANASTASIA KRISTENSEN,1,,
SHIFTED,1,,
ELLEN ALLIEN,1,,
UNHUMAN,1,,
RÒMAN,1,,
SOREN ROI,1,,
PROTEUS,1,,
JULIA GOVOR,1,,
DASHA REDKINA,1,,
NTHNG,1,,
BROKEN ENGLISH CLUB,1,,
THOMAS HESSLER,1,,
BEN SIMS,1,,
ACRONYM,1,,
O/H,1,,
NIHAL RAMCHANDANI,1,,
SOPHIA SAZE,1,,
FABRIZIO LAPIANA,1,,
CALEB ESC,1,,
JENNIFER LOVELESS,1,https://soundcloud.com/users/8643132,8643132
KENDAL,1,,
WILL JACK,1,,
SUZE IJÓ,1,,
SEVYN,1,,
DEMI RIQUISIMO,1,,
ANGEL D'LITE,1,,
HUEY MNEMONIC,1,,
D. STRANGE,1,,
MISTER WALLACE,1,,
STACEY HOTWAXX HALE,1,,
DENNIS FREE,1,,
MAARA,1,,
FAUSTIN,1,,
COFFINTEXTS,1,,
MARK HOLCOMB,1,,
NAT WENDELL,1,,
FAFF,1,,
ANATOLE SERRET,1,,
NATALIE ROBINSON,1,,
SALLY C,1,,
BASHKKA,1,,
PHLEGM,1,,
MVHY,1,,
MIRACLES,1,,
STACY CHRISTINE,1,,
CLUB CHOW,1,,
CIEL,1,,
RROXYMORE,1,,
LIKEHOLYWINE,1,,
NONSUIT,1,,
DJ USA,1,,
PARAMIDA,1,,
OK WILLIAMS,1,,
GAG ØRDER,1,,
ROSA PELIGROSA,1,,
ALEX KASSIAN,1,,
J. ARIA,1,,
NIKS,1,,
DJ SURGE,1,,
SURGE,1,,
LOREN,1,,
S'AINT PANIC,1,,
HAAI,1,,
K WATA,1,,
CHEZ DAMIER,1,,
OCTO OCTA,1,,
ERIS DREW,1,,
ALISON SWING,1,,
HERCULES & LOVE AFFAIR,1,,
DORISBURG,1,,
WONJA,1,,
NAO,1,,
DONOFRIO,1,,
GAY MARVINE,1,,
LORANT,1,,
CRYME,1,,
LAUREL HALO,1,,
PEACH,1,,
JOB JOBSE,1,,
ROZA TERENZI,1,,
ELISSA SUCKDOG,1,,
SCOTIA,1,,
PAURRO,1,,
LIAD KRISPIN,1,,
OSSX,1,,
PROSUMER,1,,
JOTA,1,,
VICENTA,1,,
RYAN FARR,1,,
THE AM/AMX,1,,
BOYS' SHORTS,1,,
BARONHAWK POITIER,1,,
GEE DEE,1,,
JUBILEE,1,,
RICK WADE,1,,
KEENAN ORR,1,,
KEENAN,1,,
MAMA YHA YHA,1,,
NSPERGER,1,,
EVAN BAGGS,1,,
JACQ JILL,1,,
AL V DAM,1,,
BORED LORD,1,,
SOLAR,1,,
MOZHGAN,1,,
CROMBY,1,,
WNGDU,1,,
DAN SHAKE,1,,
FATHER DUKES,1,,
OR:LA,1,,
4AM NYC,1,,
KHIDJA,1,,
ALISSA BRIANNA,1,,
ASH LAURYN,1,,
ARIEL ME LLAMO,1,,
BEIGE,1,,
DAVIS GALVIN,1,,
WINTER WRONG,1,,
FOR FUTURE'S SAKE,1,,
HANK JACKSON,1,,
THOMAS P HECKMANN,1,,
GBD,1,,
TRAXX,1,,
SWEATER ON POLO,1,,
HUERCO S.,1,,
SIGNIFICANT OTHER,1,,
ONLY CHILD,1,,
NICK BAZZANO,1,,
DJ ETTA,1,,
SPF 50,1,,
TURTLE BUGG,1,,
SYBIL JASON,1,,
ANDREW JAMES GUSTAV,1,,
GIO SHENGELIA,1,,
LUIGI DI VENERE,1,,
ADAM UNKNOWN,1,,
MATH3CA,1,,
CASHU,1,,
DJ WAWA,1,,
FATHER FIGURE,1,,
BRUTALISMUS 3000,1,,
VSK,1,,
HIEROGLYPHIC BEING,1,,
DEREK PLASLAIKO,1,,
AGONIS,1,,
DISKONNECTED,1,,
MAKATON,1,,
SWARM INTELLIGENCE,1,,
DEFLECTOR,1,,
CRESSIDA,1,,
EVIGT MÖRKER,1,,
VOIN ORUWU,1,,
HYPERAKTIVIST,1,,
BATU,1,,
PATRICK RUSSELL,1,,
LDY OSC,1,,
GOODDROID,1,,
J. ALBERT,1,,
LOGAN TAKAHASHI,1,,
KIKI KUDO,1,,
OLIVE T,1,,
SHY EYEZ,1,,
OCTONOMY,1,,
PH,1,,
GAUL PLUS,1,,
ALONZO,1,,
DONNY BURLIN,1,,
ROB SEURAT,1,,
HORSE MEAT DISCO,1,,
STEFFI,1,,
